{
  "total_samples": 50,
  "correct_predictions": 44,
  "accuracy": 0.88,
  "precision": 0.8844155844155844,
  "recall": 0.88,
  "f1_score": 0.8807881773399014,
  "average_confidence": 0.889,
  "average_processing_time": 4.395066459999999,
  "detailed_report": {
    "FR": {
      "precision": 0.9285714285714286,
      "recall": 0.8666666666666667,
      "f1-score": 0.896551724137931,
      "support": 30.0
    },
    "NFR": {
      "precision": 0.8181818181818182,
      "recall": 0.9,
      "f1-score": 0.8571428571428571,
      "support": 20.0
    },
    "accuracy": 0.88,
    "macro avg": {
      "precision": 0.8733766233766234,
      "recall": 0.8833333333333333,
      "f1-score": 0.8768472906403941,
      "support": 50.0
    },
    "weighted avg": {
      "precision": 0.8844155844155844,
      "recall": 0.88,
      "f1-score": 0.8807881773399014,
      "support": 50.0
    }
  },
  "model_info": {
    "model_type": "claude",
    "model_name": "claude-sonnet-4-20250514",
    "use_few_shot": true,
    "temperature": 0.1
  },
  "configuration": {
    "name": "Claude-4-Sonnet (Few-Shot)",
    "model_type": "claude",
    "model_name": "claude-sonnet-4-20250514",
    "use_few_shot": true,
    "evaluation_time": 219.76976799964905,
    "timestamp": "2025-08-27T18:44:16.505292"
  }
}