{
  "total_samples": 50,
  "correct_predictions": 45,
  "accuracy": 0.9,
  "precision": 0.9082125603864734,
  "recall": 0.9,
  "f1_score": 0.9008567931456548,
  "average_confidence": 0.9120000000000001,
  "average_processing_time": 2.65911804,
  "detailed_report": {
    "FR": {
      "precision": 0.9629629629629629,
      "recall": 0.8666666666666667,
      "f1-score": 0.9122807017543859,
      "support": 30.0
    },
    "NFR": {
      "precision": 0.8260869565217391,
      "recall": 0.95,
      "f1-score": 0.8837209302325582,
      "support": 20.0
    },
    "accuracy": 0.9,
    "macro avg": {
      "precision": 0.894524959742351,
      "recall": 0.9083333333333333,
      "f1-score": 0.898000815993472,
      "support": 50.0
    },
    "weighted avg": {
      "precision": 0.9082125603864734,
      "recall": 0.9,
      "f1-score": 0.9008567931456548,
      "support": 50.0
    }
  },
  "model_info": {
    "model_type": "claude",
    "model_name": "claude-3-5-haiku-20241022",
    "use_few_shot": true,
    "temperature": 0.1
  },
  "configuration": {
    "name": "Claude-3.5-Haiku (Few-Shot)",
    "model_type": "claude",
    "model_name": "claude-3-5-haiku-20241022",
    "use_few_shot": true,
    "evaluation_time": 132.9867708683014,
    "timestamp": "2025-08-27T17:46:31.116940"
  }
}